id,name,class,species,yearRound,maintainedYr,mechanism,window,confidence,flags,citation
beech-lake,Beech Lake,trout-stocked,rainbow (winter put-and-take); bass/crappie/bluegill/catfish rest of year,false,no,seasonal put-and-take — no summer holdover,winter put-and-take (Dec–Feb window; ~1 stocking/water; no summer holdover),high,identity: Henderson Co per TWRA,"TWRA 2026 stocking schedule (tn.gov/twra/fishing/trout-information-stockings.html), Region-1 Winter row stocked 1/14/2026 + TBD 12/2026; Henderson Co (Lexington)"
cameron-brown-lake,Cameron Brown Lake,trout-stocked,rainbow (winter; 5/day Community Lakes site),false,no,seasonal put-and-take — no summer holdover,winter put-and-take (Dec–Feb window; ~1 stocking/water; no summer holdover); 5/day Community Lake,high,,TWRA news 11/26/2025 'Cameron Brown Lake in Germantown' + TWRA 2026 stocking schedule (tn.gov/twra/fishing/trout-information-stockings.html)
covington-fbc-pond,Covington First Baptist Church Pond,trout-stocked,rainbow (winter; NEW site 2025-26),false,no,seasonal put-and-take — no summer holdover,winter put-and-take (Dec–Feb window; ~1 stocking/water; no summer holdover) (NEW 2025-26),high,,TWRA news 11/26/2025 'New locations this year include... Covington First Baptist Church pond' + TWRA 2026 stocking schedule (tn.gov/twra/fishing/trout-information-stockings.html)
edmund-orgill-lake,Edmund-Orgill Park,trout-stocked,rainbow (winter); bass/bream/catfish rest of year,false,no,seasonal put-and-take — no summer holdover,winter put-and-take (Dec–Feb window; ~1 stocking/water; no summer holdover),high,,"TWRA 2026 stocking schedule (tn.gov/twra/fishing/trout-information-stockings.html) (Shelby/Edmund-Orgill Park, stocked 1/13/2026)"
hatchie-river,Hatchie River,warmwater,"bass/panfish; unchannelized river + NWR oxbows (14-in bass min, electric only)",true,unknown,seasonal put-and-take — no summer holdover,,medium,,USFWS Hatchie NWR fishing page (fws.gov/refuge/hatchie) + absence from TWRA 2026 stocking schedule (tn.gov/twra/fishing/trout-information-stockings.html)
johnson-park-lake,Johnson Park Lake,trout-stocked,rainbow (winter),false,no,seasonal put-and-take — no summer holdover,winter put-and-take (Dec–Feb window; ~1 stocking/water; no summer holdover),high,"identity: Collierville, not Memphis",TWRA 2026 stocking schedule (tn.gov/twra/fishing/trout-information-stockings.html) (Shelby/Johnson Park Lake); Collierville per Music City TU + Commercial Appeal
kentucky-lake,Kentucky Lake,warmwater,"crappie (20/day, 10-in), sauger Dec-Mar, blue catfish, LMB/smallmouth",true,unknown,seasonal put-and-take — no summer holdover,,high,,TWRA Kentucky Reservoir where-to-fish (tn.gov/twra/fishing/where-to-fish/west-tennessee-r1/kentucky-reservoir.html) + absence from trout programs
lake-graham,Lake Graham,trout-stocked,rainbow (winter); TWRA Family Fishing Lake (bass/crappie/bluegill/cats) rest of year,false,no,seasonal put-and-take — no summer holdover,winter put-and-take (Dec–Feb window; ~1 stocking/water; no summer holdover),high,,"TWRA 2026 stocking schedule (tn.gov/twra/fishing/trout-information-stockings.html) (Madison/Lake Graham, stocked 1/8/2026) + TWRA family-fishing page"
martin-city-pond,Martin City Pond,trout-stocked,rainbow (winter),false,no,seasonal put-and-take — no summer holdover,winter put-and-take (Dec–Feb window; ~1 stocking/water; no summer holdover),high,,TWRA 2026 stocking schedule (tn.gov/twra/fishing/trout-information-stockings.html) (Weakley/Martin City Pond; Martin Recreational Complex)
milan-city-pond,Milan City Pond,trout-stocked,rainbow (winter),false,no,seasonal put-and-take — no summer holdover,winter put-and-take (Dec–Feb window; ~1 stocking/water; no summer holdover),high,,"TWRA 2026 stocking schedule (tn.gov/twra/fishing/trout-information-stockings.html) (Gibson/Milan City Pond, stocked 1/14/2026)"
mississippi-river,Mississippi River,warmwater,blue/flathead/channel catfish-led trophy fishery; bass,true,unknown,seasonal put-and-take — no summer holdover,,medium,,Lower Mississippi River Conservation Committee angler guide (lmrcc.org) + absence from TWRA 2026 stocking schedule (tn.gov/twra/fishing/trout-information-stockings.html)
obion-river,Obion River,warmwater,"flathead/channel catfish, white bass",true,unknown,seasonal put-and-take — no summer holdover,,medium,,TWRA reg-exceptions list membership + absence from TWRA 2026 stocking schedule (tn.gov/twra/fishing/trout-information-stockings.html)
paris-city-park-lake,Paris City Park,trout-stocked,rainbow (winter),false,no,seasonal put-and-take — no summer holdover,winter put-and-take (Dec–Feb window; ~1 stocking/water; no summer holdover),high,,"TWRA 2026 stocking schedule (tn.gov/twra/fishing/trout-information-stockings.html) (Henry/Paris City Park, stocked 1/14/2026)"
pickwick-lake,Pickwick Lake,warmwater,"trophy smallmouth ('rivals Dale Hollow'), LMB/spotted, blue-cat-led catfishery",true,unknown,seasonal put-and-take — no summer holdover,,high,,TWRA Pickwick Reservoir where-to-fish (fetched) + absence from trout programs
reelfoot-lake,Reelfoot Lake,warmwater,bluegill + white crappie ('best in state'); catfish dense,true,unknown,seasonal put-and-take — no summer holdover,,high,,TWRA Reelfoot Lake where-to-fish (fetched) + absence from TWRA 2026 stocking schedule (tn.gov/twra/fishing/trout-information-stockings.html)
shelby-farms-lake,Shelby Farms,trout-stocked,rainbow in JONES POND (Dec+Jan); park lakes bass/crappie/bream/catfish,false,no,seasonal put-and-take — no summer holdover,"winter put-and-take (Dec–Feb window; ~1 stocking/water; no summer holdover) (Jones Pond, Dec + Jan)",high,identity: trout go in Jones Pond only,shelbyfarmspark.org/fishing 'Trout are stocked in Jones Pond every December and January' (fetched) + TWRA 2026 stocking schedule (tn.gov/twra/fishing/trout-information-stockings.html)
tennessee-river,Tennessee River,warmwater,main-stem reservoir chain; sauger run below dams Dec-Mar; no trout program,true,unknown,seasonal put-and-take — no summer holdover,,high,,TWRA Kentucky Reservoir page + absence from all TWRA trout program lists
union-city-reelfoot-pond,Union City Reelfoot Packing Site,trout-stocked,rainbow (winter),false,no,seasonal put-and-take — no summer holdover,winter put-and-take (Dec–Feb window; ~1 stocking/water; no summer holdover),high,,"TWRA 2026 stocking schedule (tn.gov/twra/fishing/trout-information-stockings.html) (Obion/Union City Reelfoot Packing Site, stocked 1/14/2026)"
valentine-park-pond,Valentine Park,trout-stocked,rainbow (winter),false,no,seasonal put-and-take — no summer holdover,winter put-and-take (Dec–Feb window; ~1 stocking/water; no summer holdover),high,identity: Munford,"TWRA 2026 stocking schedule (tn.gov/twra/fishing/trout-information-stockings.html) (Tipton/Valentine Park; Valentine Regional Park, Munford)"
wolf-river-west-tennessee,Wolf River,warmwater,bream/crappie/catfish/largemouth; Lucius Burch SNA bottomlands,true,unknown,seasonal put-and-take — no summer holdover,,medium,,Absence from TWRA 2026 stocking schedule (tn.gov/twra/fishing/trout-information-stockings.html); TN SNA page (search-only); upstream-smallmouth claim UNVERIFIED
yale-road-park-lake,Yale Road Park,trout-stocked,rainbow (winter),false,no,seasonal put-and-take — no summer holdover,winter put-and-take (Dec–Feb window; ~1 stocking/water; no summer holdover),high,,"TWRA 2026 stocking schedule (tn.gov/twra/fishing/trout-information-stockings.html) (Shelby/Yale Road Park, Bartlett, stocked 1/15/2026)"
cumberland-river,Cumberland River,warmwater,main-stem bass/crappie/stripes; TN trout fishing lives in tributary tailwaters,true,unknown,seasonal put-and-take — no summer holdover,,high,,Absence from all TWRA trout program lists; trout rivers named in TWRA Trout Mgmt Plan 2017-2027 (tn.gov/content/dam/tn/twra/documents/fishing/Tennessee-Trout-Management-Plan-2017-2027.pdf)
east-fork-stones-river,East Fork Stones River,unknown-need-evidence,none documented (catalog 'wild rainbow upper fork' claim NOT corroborated; 1 angler report only),absent,unknown,seasonal put-and-take — no summer holdover,,low,CONFLICT: catalog wild claim uncorroborated; re-review fishery:wild,Absence from TWRA 2026 stocking schedule (tn.gov/twra/fishing/trout-information-stockings.html) and TWRA wild-trout list; catalog note contradicted this pass
fletchers-fork,Fletchers Fork,trout-stocked,rainbow + brown (Fort Campbell; post permit + TN license + trout stamp),false,no,seasonal put-and-take — no summer holdover,seasonal (Fort Campbell schedule),high,,TWRA trout regs (tn.gov/twra/fishing-regs/trout-regulations.html) verbatim 'Fletcher's Fork... stocked with rainbow and brown trout' + TWRA 2026 stocking schedule (tn.gov/twra/fishing/trout-information-stockings.html) Seasonal row
harpeth-river,Harpeth River (Williamson County reaches),warmwater,none claimed (VERIFIED winter rainbow program Dec-Mar at Franklin/Eastern Flank + L.L. Burns Park),false,unknown,seasonal put-and-take — no summer holdover,,high,owner-ruled warmwater 2026-09-04; tension: real Dec-Mar program verified,TWRA 2026 stocking schedule (tn.gov/twra/fishing/trout-information-stockings.html) (Williamson/Harpeth River at Eastern Flank Battle Park) + Williamson Source/Scene coverage
j-percy-priest-lake,J. Percy Priest Lake,warmwater,bass/crappie; the winter trout site is the TW / Stones River tailwater below the dam,true,unknown,seasonal put-and-take — no summer holdover,,high,,"TWRA 2026 stocking schedule (tn.gov/twra/fishing/trout-information-stockings.html) row 'J. Percy Priest TW / Stones River' = tailwater reach, not the lake; no lake trout row"
lake-barkley,Lake Barkley,warmwater,crappie/bass/catfish,true,unknown,seasonal put-and-take — no summer holdover,,medium,,TWRA Region-1 where-to-fish locations list (fetched) + absence from trout programs
little-west-fork-creek,Little West Fork Creek,trout-stocked,rainbow + brown (Fort Campbell; post permit),false,no,seasonal put-and-take — no summer holdover,seasonal (Fort Campbell schedule),high,,TWRA trout regs (tn.gov/twra/fishing-regs/trout-regulations.html) verbatim 'Little West Fork... stocked with rainbow and brown trout' + TWRA 2026 stocking schedule (tn.gov/twra/fishing/trout-information-stockings.html)
old-hickory-lake,Old Hickory Lake,warmwater,bass/crappie/striped bass,true,unknown,seasonal put-and-take — no summer holdover,,high,,Absence from all TWRA trout program lists
red-river-clarksville,Red River (Montgomery County),trout-stocked,rainbow (winter; Billy Dunlop Park),false,no,seasonal put-and-take — no summer holdover,winter program (Dec–Mar stockings),high,,TWRA 2026 stocking schedule (tn.gov/twra/fishing/trout-information-stockings.html) (Montgomery/Billy Dunlop Park) + Clarksville Now stocking coverage
sinking-creek-wilson,Sinking Creek (Wilson County),trout-stocked,"rainbow (winter; Don Fox Park, Lebanon)",false,no,seasonal put-and-take — no summer holdover,winter program (Dec–Mar stockings),high,,TWRA 2026 stocking schedule (tn.gov/twra/fishing/trout-information-stockings.html) (Wilson/Don Fox Park Community Park)
stones-river,Stones River (Davidson County),trout-stocked,rainbow (winter; J. Percy Priest TW - the original Dec 1999 pilot site),false,no,seasonal put-and-take — no summer holdover,winter program (Dec–Mar stockings); J. Percy Priest TW — the Dec 1999 original,high,,"TWRA 2026 stocking schedule (tn.gov/twra/fishing/trout-information-stockings.html) (Davidson/J. Percy Priest TW, 1/9 + 2/13/2026) + TWRA Trout Mgmt Plan 2017-2027 (tn.gov/content/dam/tn/twra/documents/fishing/Tennessee-Trout-Management-Plan-2017-2027.pdf) 'began in December 1999 at J. Percy Priest tailwater'"
sulfur-fork-creek,Sulfur Fork Creek,trout-stocked,rainbow (winter),false,no,seasonal put-and-take — no summer holdover,winter program (Dec–Mar stockings),high,,"TWRA 2026 stocking schedule (tn.gov/twra/fishing/trout-information-stockings.html) (Robertson/Sulphur Fork Creek, 2/4 + 2/26/2026)"
west-fork-stones-river,West Fork Stones River,trout-stocked,rainbow (winter; Manson Pike Trailhead + Nice Mill),false,no,seasonal put-and-take — no summer holdover,winter program (Dec–Mar stockings),high,,TWRA 2026 stocking schedule (tn.gov/twra/fishing/trout-information-stockings.html) (Rutherford rows)
barren-fork-river,Barren Fork River,trout-stocked,rainbow (spring),false,no,seasonal put-and-take — no summer holdover,spring circuit (Mar–May stocking weeks),high,,"TWRA 2026 stocking schedule (tn.gov/twra/fishing/trout-information-stockings.html) (Warren/Barren Fork River, weeks 3/15-5/10/2026)"
calfkiller-river,Calfkiller River,trout-stocked,rainbow (spring; Putnam Co row),false,no,seasonal put-and-take — no summer holdover,spring circuit (Mar–May stocking weeks),high,wild claims low confidence,"TWRA 2026 stocking schedule (tn.gov/twra/fishing/trout-information-stockings.html) (Putnam/Calfkiller River, 3/22 + 3/29/2026); wild-headwater claims UNVERIFIED"
cane-creek,Cane Creek,trout-stocked,rainbow (spring; Fall Creek Falls SP + lower reaches; one late-Oct fall row),false,no,seasonal put-and-take — no summer holdover,spring circuit (Mar–May stocking weeks) (+ one late-Oct fall row),high,disambiguation: county,TWRA 2026 stocking schedule (tn.gov/twra/fishing/trout-information-stockings.html) (Van Buren rows); THREE other stocked Cane Creeks exist (Perry/Hickman/Cane Creek Park lake) - cite county
caney-fork-river,Caney Fork River (Center Hill tailwater),tailwater-trout,rainbow + brown + brook + cutthroat (stocked Mar-Dec; winter brood browns 16-21 in),true,yes,tailwater: year-round cold releases + in-season stocking,Mar–Dec stocking; year-round cold releases; winter brood browns (16–21 in),high,,"TWRA tailwater stocking table (tn.gov/twra/fishing/trout-information-stockings.html) verbatim 'Center Hill Dam, Caney Fork River - Rainbow, Brook, Brown, Cutthroat - March through December' + regs 5/day, 14-20in PLR, brown 24in"
caney-fork-upper,Caney Fork River (above Center Hill Lake),unknown-need-evidence,none documented above Center Hill pool,absent,unknown,seasonal put-and-take — no summer holdover,,low,,"No stocking row, no wild-list entry, no where-to-fish trout text found"
center-hill-lake,Center Hill Lake,warmwater,bass/walleye reservoir; trout fishery is the Caney Fork tailwater only,true,unknown,seasonal put-and-take — no summer holdover,,high,,Absent from TWRA trout-reservoir list (TWRA Trout Mgmt Plan 2017-2027 (tn.gov/content/dam/tn/twra/documents/fishing/Tennessee-Trout-Management-Plan-2017-2027.pdf)) and schedule (only the TW row exists)
charles-creek,Charles Creek,trout-stocked,rainbow (spring),false,no,seasonal put-and-take — no summer holdover,spring circuit (Mar–May stocking weeks),high,,"TWRA 2026 stocking schedule (tn.gov/twra/fishing/trout-information-stockings.html) (Warren/Charles Creek, 3/15 + 3/22 + 5/10/2026)"
collins-river,Collins River,trout-stocked,rainbow (spring; Grundy Co headwater row),false,no,seasonal put-and-take — no summer holdover,spring circuit (Mar–May stocking weeks),high,stocked reach = Grundy Co headwaters,TWRA 2026 stocking schedule (tn.gov/twra/fishing/trout-information-stockings.html) (Grundy/Collins River) + recent-stocking report 4/2/2026
great-falls-lake,Great Falls Lake,warmwater,bass/crappie impoundment; the trout water is the Caney Fork below Great Falls Dam,true,unknown,seasonal put-and-take — no summer holdover,,high,,TWRA Great Falls Reservoir page (bass/crappie) + absence from TWRA 2026 stocking schedule (tn.gov/twra/fishing/trout-information-stockings.html)
mill-creek-overton,Mill Creek (Overton County),trout-stocked,rainbow (spring; Standing Stone SP),false,no,seasonal put-and-take — no summer holdover,spring circuit (Mar–May stocking weeks),high,disambiguation: Standing Stone SP,"TWRA 2026 stocking schedule (tn.gov/twra/fishing/trout-information-stockings.html) (Overton/Mill Creek, 3/22 + 4/26/2026); a different Hickman Co Mill Creek also stocked"
north-prong-barren-fork,North Prong Barren Fork River,trout-stocked,rainbow (spring),false,no,seasonal put-and-take — no summer holdover,spring circuit (Mar–May stocking weeks),high,,"TWRA 2026 stocking schedule (tn.gov/twra/fishing/trout-information-stockings.html) (Warren/N Barren Fork Creek, 3/22 + 4/26/2026)"
pine-creek-dekalb,Pine Creek (DeKalb County),trout-stocked,rainbow (spring),false,no,seasonal put-and-take — no summer holdover,spring circuit (Mar–May stocking weeks),high,,"TWRA 2026 stocking schedule (tn.gov/twra/fishing/trout-information-stockings.html) (DeKalb/Pine Creek, 2/22-3/29/2026)"
rocky-river,Rocky River,trout-stocked,rainbow (spring; Van Buren Co),false,no,seasonal put-and-take — no summer holdover,spring circuit (Mar–May stocking weeks),high,"county: Van Buren, not Cumberland","TWRA 2026 stocking schedule (tn.gov/twra/fishing/trout-information-stockings.html) (Van Buren/Rocky River, 3/8-5/17/2026)"
upper-hills-creek,Upper Hills Creek,trout-stocked,rainbow (spring),false,no,seasonal put-and-take — no summer holdover,spring circuit (Mar–May stocking weeks),high,,"TWRA 2026 stocking schedule (tn.gov/twra/fishing/trout-information-stockings.html) (Warren/Upper Hills Creek, 3/22/2026)"
big-rock-creek,Big Rock Creek,trout-stocked,"rainbow (winter; Big Rock Greenway, Lewisburg)",false,no,seasonal put-and-take — no summer holdover,winter program (Dec–Mar stockings),high,,"TWRA 2026 stocking schedule (tn.gov/twra/fishing/trout-information-stockings.html) (Marshall/Big Rock Greenway, 1/15 + 2/27/2026)"
boiling-fork-creek,Boiling Fork Creek,trout-stocked,rainbow (winter via Cowan City Park),false,no,seasonal put-and-take — no summer holdover,winter program (Dec–Mar stockings) (Cowan City Park),high,reach identity: creek runs through Cowan City Park (medium),TWRA 2026 stocking schedule (tn.gov/twra/fishing/trout-information-stockings.html) (Franklin/Cowan City Park)
bradley-creek,Bradley Creek,warmwater,Woods Reservoir upper-reach tributary (Franklin Co); not stocked,true,unknown,seasonal put-and-take — no summer holdover,,high,CORRECTION: not a trout water,TWRA Woods Reservoir page ('Bradley Creek in the very upper section of Woods Reservoir') + absence from TWRA 2026 stocking schedule (tn.gov/twra/fishing/trout-information-stockings.html)
buffalo-river,Buffalo River,warmwater,"smallmouth signature (1-4 lb), rock bass, bream, catfish",true,unknown,seasonal put-and-take — no summer holdover,,high,,Absence from TWRA 2026 stocking schedule (tn.gov/twra/fishing/trout-information-stockings.html); State Scenic River smallmouth identity
duck-river-lower,Duck River (Shelbyville to Columbia),warmwater,smallmouth/spotted/rock bass/catfish; the stocked trout reach ends at Three Forks Bridge,true,unknown,seasonal put-and-take — no summer holdover,,high,,TWRA Duck River where-to-fish (fetched): tailwater dam-to-Three-Forks-Bridge is the trout water; below is warmwater
duck-river-tailwater,Duck River (Normandy tailwater),tailwater-trout,rainbow,false,no,tailwater: SEASONAL (window at left),Nov–Jun stocking; >70°F Jul–Oct kills trout — NOT year-round,high,CONFLICT: owner note says stocked year-round (2026-09-04) - TWRA page says Nov-Jun; re-review recommended,TWRA Duck River page verbatim: 'stocked annually with Rainbow Trout from November through June. Water temperatures usually warm above the 70 F mark...' (dam to Three Forks Bridge)
east-fork-shoal-creek,East Fork Shoal Creek,trout-stocked,rainbow (spring; longest spring window in group),false,no,seasonal put-and-take — no summer holdover,spring (Feb–May; longest window),high,,"TWRA 2026 stocking schedule (tn.gov/twra/fishing/trout-information-stockings.html) (Lawrence/East Fork Shoal Creek, 2/15-5/31/2026)"
elk-river,Elk River (Tims Ford tailwater),tailwater-trout,brook + brown + cutthroat + rainbow (stocked Mar-Dec),true,yes,tailwater: year-round cold releases + in-season stocking,Mar–Dec stocking; year-round cold releases,high,,"TWRA tailwater stocking table (tn.gov/twra/fishing/trout-information-stockings.html) verbatim 'Tims Ford Dam, Elk River - Brook, Brown, Cutthroat, Rainbow - March through December' + brown 20in/1-day reg dam to I-65"
elk-river-lower,Elk River (Prospect to state line),trout-stocked,"rainbow (winter; Stone Bridge Park, Fayetteville) over warmwater base",false,no,seasonal put-and-take — no summer holdover,winter program (Dec–Mar stockings) (Stone Bridge Park),high,,"TWRA 2026 stocking schedule (tn.gov/twra/fishing/trout-information-stockings.html) (Lincoln/Stone Bridge Park, 1/15 + 2/27/2026)"
little-buffalo-river,Little Buffalo River,trout-stocked,rainbow (spring; Lawrence Co) over smallmouth water,false,no,seasonal put-and-take — no summer holdover,spring circuit (Mar–May stocking weeks),high,CORRECTION: not warmwater-only - spring-stocked,"TWRA 2026 stocking schedule (tn.gov/twra/fishing/trout-information-stockings.html) (Lawrence/Little Buffalo River, 3/8-5/31/2026)"
mccutcheon-creek,McCutcheon Creek,trout-stocked,"rainbow (winter; greenway, Columbia)",false,no,seasonal put-and-take — no summer holdover,winter program (Dec–Mar stockings),high,"CORRECTION: Columbia/Maury Co, NOT Manchester/Coffee Co","TWRA 2026 stocking schedule (tn.gov/twra/fishing/trout-information-stockings.html) (Maury/McCutcheon Creek, 1/23 + 2/20/2026)"
normandy-lake,Normandy Lake,warmwater,bass ('renowned for huge but hard-to-fool bass'); trout in tailwater only,true,unknown,seasonal put-and-take — no summer holdover,,high,,TWRA Duck River page (fetched) + absence from trout-reservoir list
shoal-creek,Shoal Creek,unknown-need-evidence,no separate TWRA row - the TWRA water is 'East Fork Shoal Creek' (Lawrence Co),absent,unknown,seasonal put-and-take — no summer holdover,,high,identity check needed,Schedule absence verified; confirm whether this atlas id IS East Fork Shoal Creek or a different reach
tims-ford-lake,Tims Ford Lake,warmwater,bass fishery; trout fishery is the Elk River tailwater only,true,unknown,seasonal put-and-take — no summer holdover,,high,,Absent from TWRA trout-reservoir list + schedule
woods-reservoir,Woods Reservoir,warmwater,"largemouth, crappie, white/yellow bass, channel catfish, smallmouth (18-in)",true,unknown,seasonal put-and-take — no summer holdover,,high,,TWRA Woods Reservoir where-to-fish (fetched verbatim species list) + absence from trout programs
dale-hollow-lake,Dale Hollow Lake,trout-stocked,"rainbow (winter reservoir program, 7/day); ONE April brown schedule row = footnote, not a fishery",false,yes,"holdover reservoir — winter-only stocking, year-round deep-water fishery",winter reservoir stocking (annual); year-round deep-water fishery,high,CORRECTION: 'famous put-grow-take brown fishery' claim REJECTED - fame is world-record smallmouth,TWRA Dale Hollow page (fetched): 'Rainbow trout are typically stocked annually... during the wintertime'; reservoir list 'Dale Hollow - Rainbow'
hurricane-creek,Hurricane Creek,trout-stocked,rainbow (seasonal),false,no,seasonal put-and-take — no summer holdover,seasonal (Feb–Mar),medium,"IDENTITY CHECK: atlas places this in upper Cumberland; if a different same-named stream, class = unknown","TWRA 2026 stocking schedule (tn.gov/twra/fishing/trout-information-stockings.html) rows are Houston + Humphreys Co (TWRA Region 1, Tennessee River-bend)"
obey-river,Obey River (Dale Hollow tailwater),tailwater-trout,rainbow primary (stocked EVERY month); 2nd species conflicted: brook (TWRA tailwater page+Plan) vs brown (schedule JSON),true,yes,YEAR-ROUND STOCKING (every month),STOCKED EVERY MONTH (Jan–Dec) — the state's only 12-month stocking row,high,2nd-species conflict: do not assert brook or brown without resolution,"TWRA tailwater stocking table (tn.gov/twra/fishing/trout-information-stockings.html) verbatim 'Dale Hollow Dam, Obey River - Brook, Rainbow - January through December'"
salt-lick-creek,Salt Lick Creek,trout-stocked,rainbow (spring; Macon Co row),false,no,seasonal put-and-take — no summer holdover,spring (Mar),high,,"TWRA 2026 stocking schedule (tn.gov/twra/fishing/trout-information-stockings.html) (Macon/Salt Lick Creek, 3/1 + 3/22/2026)"
standing-rock-creek,Standing Rock Creek,trout-stocked,rainbow (seasonal),false,no,seasonal put-and-take — no summer holdover,seasonal (Feb–Mar),medium,IDENTITY CHECK: atlas places this in upper Cumberland,"TWRA 2026 stocking schedule (tn.gov/twra/fishing/trout-information-stockings.html) row is Stewart Co (TWRA Region 1, LBL area)"
white-oak-creek,White Oak Creek,trout-stocked,rainbow (seasonal),false,no,seasonal put-and-take — no summer holdover,seasonal (Feb–Mar),medium,"IDENTITY CHECK + spelling: 'Whiteoak Creek' Houston Co, not a Plateau stream","TWRA 2026 stocking schedule (tn.gov/twra/fishing/trout-information-stockings.html) row is 'Whiteoak Creek', Houston Co (TWRA Region 1, Kentucky Lake embayment)"
clear-creek-obed,Clear Creek (Obed system),unknown-need-evidence,"none documented (Obed-system reach; TWRA's 'Clear Creek' Nov 1-Mar 31 closure is the ANDERSON Co Clinch tributary, not this one)",absent,unknown,seasonal put-and-take — no summer holdover,,low,reg disambiguation verified,TWRA trout regs (tn.gov/twra/fishing-regs/trout-regulations.html) verbatim (Anderson Co Clear Creek) + NPS Obed fishing page lists no trout
clear-fork,Clear Fork,unknown-need-evidence,probable wild brown (NPS Big South Fork brochure: 'brown trout are limited to tributary streams within the park'),absent,unknown,seasonal put-and-take — no summer holdover,,low,,npshistory.com BSF game-fish brochure (medium) + no TWRA wild-list entry/stocking row
daddys-creek,Daddy’s Creek,unknown-need-evidence,none documented (catalog wild-trout claim NOT corroborated),absent,unknown,seasonal put-and-take — no summer holdover,,low,CONFLICT: catalog wild claim uncorroborated; re-review fishery:wild,"No stocking row (absence verified), no wild-list entry, no NPS species statement"
emory-river,Emory River,warmwater,"smallmouth (signature), muskellunge, longnose gar, catfish, bluegill",true,unknown,seasonal put-and-take — no summer holdover,,high,CONFLICT: catalog 'wild trout upper reaches' insufficient - needs TWRA wild-list entry,NPS Obed Wild & Scenic River fishing page (fetched) - target species list has NO trout
new-river,New River,unknown-need-evidence,probable wild brown/rainbow (aggregator + NPS BSF tributary context only),absent,unknown,seasonal put-and-take — no summer holdover,,low,,"onWater species list (aggregator, low) + NPS BSF brochure (medium) + absence from TWRA programs"
obed-river,Obed River,unknown-need-evidence,none primary-documented (catalog note claims self-sustaining RB/BN/BK - NOT corroborated),absent,unknown,seasonal put-and-take — no summer holdover,,low,CONFLICT: catalog wild claim uncorroborated; re-review fishery:wild; TWRA Plan itself conflates Obed/Obey spelling,"NPS Obed fishing page (fetched) lists smallmouth/gar/catfish/muskie, no trout; not on TWRA wild list; no stocking rows"
piney-river-rhea,Piney River (Rhea County),trout-stocked,rainbow (spring seasonal),false,no,seasonal put-and-take — no summer holdover,seasonal weeks (Feb–Apr),high,REG CHANGE: yearRound true (set via DH gate) now invalid,TWRA 2026 stocking schedule (tn.gov/twra/fishing/trout-information-stockings.html) seasonal weeks 2/22-4/19/2026; DH REMOVED eff 2026-08-01 (TWRA news 12/16/2025 + 2026-27 proclamation)
sequatchie-river,Sequatchie River (headwaters),trout-stocked,rainbow (spring; Cumberland Co headwaters),false,no,seasonal put-and-take — no summer holdover,spring circuit (Mar–May stocking weeks),high,,"TWRA 2026 stocking schedule (tn.gov/twra/fishing/trout-information-stockings.html) (Cumberland/Sequatchie River, 3/22 + 3/29 + 5/17/2026)"
south-fork-cumberland,South Fork Cumberland River,unknown-need-evidence,none documented (catalog fishery:wild uncorroborated),absent,unknown,seasonal put-and-take — no summer holdover,,low,CONFLICT: catalog wild claim uncorroborated; re-review fishery:wild,"No stocking rows, no wild-list entry, no species source found"
wolf-river-fentress,Wolf River (Fentress County headwaters),trout-stocked,rainbow (spring; Fentress Co row),false,no,seasonal put-and-take — no summer holdover,spring circuit (Mar–May stocking weeks),high,"CORRECTION: schedule-stocked, not wild-only; wild-brook-headwaters unverified; disambiguate from Obey-system Wolf River (Dale Hollow SMB reach)","TWRA 2026 stocking schedule (tn.gov/twra/fishing/trout-information-stockings.html) (Fentress/Wolf River, 3/8 + 4/12 + 5/10/2026)"
buffalo-creek-grainger,Buffalo Creek (Grainger County),trout-stocked,rainbow (DH Oct 1-Jan 31 mill dam to Buffalo Springs WMA; above mill dam closed all year),true,yes,delayed harvest — fall stocking + C&R window bridges winter,per TWRA schedule (see citation),high,,TWRA trout regs (tn.gov/twra/fishing-regs/trout-regulations.html) DH entry + reach rules
clinch-river,Clinch River (Norris tailwater),tailwater-trout,rainbow (80-90% of catch) + brown + brook (stocked Mar-Aug; wild reproduction documented),true,yes,tailwater: year-round cold releases + in-season stocking,stocking Mar–Aug; year-round cold releases + documented wild reproduction,high,,"TWRA tailwater stocking table (tn.gov/twra/fishing/trout-information-stockings.html) 'Norris Dam, Clinch River - Brook, Brown, Rainbow - March through August' + Clinch River TU (crctu.org/fishing.html) + 14-20in PLR"
fort-loudoun-lake,Fort Loudoun Lake,warmwater,"largemouth/smallmouth, white bass, crappie/bluegill/catfish, sauger run at 'forks of the river'",true,unknown,seasonal put-and-take — no summer holdover,,high,,TWRA Fort Loudoun where-to-fish + absence from trout programs
gap-creek-claiborne,Gap Creek (Claiborne County),trout-stocked,rainbow (spring),false,no,seasonal put-and-take — no summer holdover,spring circuit (Mar–May stocking weeks),medium,VERIFY: re-check current schedule row,Catalog note authored from TWRA 2026-09-08 stocking snapshot (single source this pass; schedule row not re-verified)
indian-creek-claiborne,Indian Creek (Claiborne County),trout-stocked,rainbow (spring),false,no,seasonal put-and-take — no summer holdover,spring circuit (Mar–May stocking weeks),medium,VERIFY: re-check current schedule row,Catalog note authored from TWRA 2026-09-08 stocking snapshot (single source this pass)
melton-hill-lake,Melton Hill Lake,warmwater,"largemouth/smallmouth/spotted bass, record-class striped bass, musky (stocked), crappie; cold Norris releases",true,unknown,seasonal put-and-take — no summer holdover,,high,,TWRA Melton Hill where-to-fish + NOT on TWRA reservoir trout-stocking list (absence verified)
norris-lake,Norris Lake,warmwater,"premier smallmouth lake + largemouth/spotted, striped bass, crappie, walleye; no lake trout program",true,unknown,seasonal put-and-take — no summer holdover,,high,,TWRA Norris where-to-fish + absence from trout-reservoir list
powell-river,Powell River,unknown-need-evidence,smallmouth (documented identity; 20-in SMB special reg); catalog wild RB/BN claim NOT corroborated,absent,unknown,seasonal put-and-take — no summer holdover,,medium,CONFLICT: catalog fishery:wild uncorroborated; re-review recommended,"TWRA special-reg list (Powell R SMB 20-in, Gap Cr confluence to VA line, search-verbatim) + absence of any trout source"
puncheon-camp-creek,Puncheon Camp Creek,trout-stocked,rainbow (spring),false,no,seasonal put-and-take — no summer holdover,spring circuit (Mar–May stocking weeks),medium,VERIFY: re-check current schedule row,Catalog note authored from TWRA 2026-09-08 stocking snapshot (single source this pass)
richardson-byrd-creek,Richardson “Byrd” Creek,trout-stocked,rainbow (spring),false,no,seasonal put-and-take — no summer holdover,spring circuit (Mar–May stocking weeks),medium,VERIFY: re-check current schedule row,Catalog note authored from TWRA 2026-09-08 stocking snapshot (single source this pass)
station-creek,Station Creek,trout-stocked,rainbow (spring),false,no,seasonal put-and-take — no summer holdover,spring circuit (Mar–May stocking weeks),medium,VERIFY: re-check current schedule row,Catalog note authored from TWRA 2026-09-08 stocking snapshot (single source this pass)
tellico-lake,Tellico Lake,trout-stocked,"rainbow - upper Little Tennessee arm below Chilhowee Dam ONLY (~4,500 catchable RB/yr); main body warmwater",true,yes,"holdover reservoir — periodic stocking, year-round fishery",periodic/winter-timed reservoir stocking; TWRA: stocked 'to provide year-round trout fishing opportunities',medium,reach-limited: upper arm only,TWRA reservoir list 'Tellico (Upper) - Rainbow' + Tellico Reservoir where-to-fish verbatim (Chilhowee-release fringe)
watts-bar-lake,Watts Bar Lake,warmwater,"largemouth/smallmouth/crappie + stocked stripers, walleye, FLMB; no trout",true,unknown,seasonal put-and-take — no summer holdover,,high,,TWRA Watts Bar where-to-fish + absence from trout-reservoir list
boone-lake,Boone Lake,warmwater,"largemouth/smallmouth/spotted, striped bass + hybrids, blue catfish; trout regs apply only on cold Watauga arm to Hwy 11E (drift-in fish)",true,unknown,seasonal put-and-take — no summer holdover,,high,,TWRA Boone Lake where-to-fish + absence from trout-reservoir list
boone-tailwater,Boone Tailwater (South Fork Holston River),tailwater-trout,"brook + brown + cutthroat + rainbow (stocked Mar/Apr/Dec); 16-22in PLR, 1>22; spawning closures Nov 1-Jan 31 x2 reaches",true,yes,tailwater: year-round cold releases + in-season stocking,stocking Mar/Apr/Dec; year-round cold releases (spawning closures Nov 1–Jan 31 ×2 reaches),high,,"TWRA tailwater stocking table (tn.gov/twra/fishing/trout-information-stockings.html) 'Boone Dam, South Fork Holston River - Brook, Brown, Cutthroat, Rainbow - March, April, December' + TWRA trout regs (tn.gov/twra/fishing-regs/trout-regulations.html)"
cherokee-lake,Cherokee Lake,warmwater,"largemouth/smallmouth (18-in SMB reg), Cherokee-bass hybrids, crappie, saugeye/walleye/sauger, paddlefish; no trout",true,unknown,seasonal put-and-take — no summer holdover,,high,,TWRA Cherokee Reservoir where-to-fish + absence from trout-reservoir list
fort-patrick-henry-lake,Fort Patrick Henry Lake,trout-stocked,brown + rainbow (reservoir program) + bass/crappie/sunfish,true,yes,"holdover reservoir — periodic stocking, year-round fishery",periodic/winter-timed reservoir stocking; TWRA: stocked 'to provide year-round trout fishing opportunities',high,NEW: catalog species unset - FLIP to trout-stocked,TWRA reservoir list 'Fort Patrick Henry - Brown and Rainbow' + TWRA FPH where-to-fish
ft-patrick-henry-tailwater,Fort Patrick Henry Tailwater (South Fork Holston River),tailwater-trout,brown + rainbow (stocked Mar-Apr only; STATEWIDE regs),absent,unknown,tailwater: SEASONAL (window at left),Mar–Apr stocking only; year-round presence unevidenced,high,"reg nuance: the 16-22in PLR block spans Boone Dam to Louis Milhorn Br (boone-tailwater + FPH pool), NOT this reach","TWRA tailwater stocking table (tn.gov/twra/fishing/trout-information-stockings.html) 'Fort Patrick Henry Dam, South Fork Holston River - Brown, Rainbow - March and April - Statewide Regulations'"
north-fork-holston-river,North Fork Holston River,warmwater,trophy smallmouth (20-in VA reg upstream); no trout program on TN reach,true,unknown,seasonal put-and-take — no summer holdover,,medium,,VA DWR river page (search-only) + absence from TWRA trout programs
reedy-creek,Reedy Creek,trout-stocked,rainbow (spring),false,no,seasonal put-and-take — no summer holdover,spring circuit (Mar–May stocking weeks),medium,VERIFY: re-check current schedule row,Catalog note authored from TWRA 2026-09-08 stocking snapshot (single source this pass; snapshot-verification gap flagged)
south-holston-lake,South Holston Lake,trout-stocked,rainbow + LAKE TROUT (deep cold reservoir; summer laker troll fishery) + bass/walleye/crappie,true,yes,"holdover reservoir — periodic stocking, year-round fishery",periodic/winter-timed reservoir stocking; TWRA: stocked 'to provide year-round trout fishing opportunities',high,FLIP-BACK: contradicts 2026-09-08 warmwater ruling - TWRA stocks the lake itself,TWRA reservoir list 'South Holston - Lake and Rainbow' + SH where-to-fish 'Smallmouth Bass... trout... are popular game fish'
south-holston-river,South Fork Holston River (South Holston tailwater),tailwater-trout,rainbow (stocked Mar-Sep) + wild-reproducing brown (NOT stocked; ~82% of electrofishing) + wild rainbow; 16-22in PLR; Nov 1-Jan 31 spawning closures,true,yes,tailwater: year-round cold releases + in-season stocking,rainbow stocking Mar–Sep + wild-reproducing browns; year-round cold releases,high,,"TWRA tailwater stocking table (tn.gov/twra/fishing/trout-information-stockings.html) 'South Holston Dam, South Fork Holston River - Rainbow - March through September' + TWRA Trout Mgmt Plan 2017-2027 (tn.gov/content/dam/tn/twra/documents/fishing/Tennessee-Trout-Management-Plan-2017-2027.pdf) 'significant natural brown reproduction... managed as wild brown fisheries'"
calderwood-lake,Calderwood Lake,trout-stocked,brook + brown + rainbow (stocked annually; cold Fontana-fed chain),true,yes,"holdover reservoir — periodic stocking, year-round fishery",periodic/winter-timed reservoir stocking; TWRA: stocked 'to provide year-round trout fishing opportunities',high,,"TWRA reservoir list 'Calderwood - Brook, Brown and Rainbow' + Calderwood where-to-fish; 7,015 TN + 7,000 NC rainbow (lrctu.org)"
chilhowee-lake,Chilhowee Lake,trout-stocked,rainbow (annual; 'trout are stocked on an annual basis and thrive in the cool clear water'),true,yes,"holdover reservoir — periodic stocking, year-round fishery",periodic/winter-timed reservoir stocking; TWRA: stocked 'to provide year-round trout fishing opportunities',high,,"TWRA reservoir list 'Chilhowee - Rainbow' + Chilhowee where-to-fish (lake trout stocked in past, not recently)"
cosby-creek,Cosby Creek,trout-wild,rainbow lower + NATIVE brook trout upper reaches (GSMNP; only native trout),true,yes,wild population — open year-round,no stocking (wild; GSMNP halted 1975),medium,GSMNP regs (no TWRA stocking since 1975),"NPS GSMNP fishing page (fetched): park-wide year-round, 5/day, 7-in min, single-hook artificials + brook-restoration docs"
leconte-creek,LeConte Creek,trout-wild,"rainbow + native brook trout upper reaches; Gatlinburg city-permit reach (C&R Dec 1-Mar 31, city program)",true,yes,wild population — open year-round,no stocking (wild; GSMNP halted 1975),high,,NPS GSMNP fishing page (fetched) + Gatlinburg city waters block in TWRA trout regs (tn.gov/twra/fishing-regs/trout-regulations.html)
little-pigeon-river,Little Pigeon River (Sevierville reach),trout-stocked,rainbow (Sevierville/Pigeon Forge reaches; TWRA resumed 2023 after ~2 decades; Gatlinburg city reach stocked biweekly),false,no,seasonal put-and-take — no summer holdover,in season (spring–fall); Gatlinburg city reach stocked biweekly,medium,owner-confirmed 2026-09-04; '750/2wks' figure unverified,TWRA recent-stocking report 'West Prong Little Pigeon River (Gatlinburg)' 7/16 + 7/23/2026 (verbatim) + WBIR resumption coverage
little-river,Little River (Smokies / Blount County),trout-wild,rainbow dominant + brown lower pools + native brook headwater forks; smallmouth below park,true,yes,wild population — open year-round,no stocking (wild; GSMNP halted 1975),high,,NPS GSMNP fishing page (fetched): year-round park regs; species split medium
little-tennessee-river,Little Tennessee River,warmwater,smallmouth-led warmwater in TN reach; stocked cold fringe ONLY below Chilhowee Dam (see tellico-lake),true,unknown,seasonal put-and-take — no summer holdover,,medium,,"TWRA Tellico Reservoir page (Chilhowee-release fringe verbatim) + 'warm river, trout are limited' (Hookers Fly Shop)"
middle-prong-little-pigeon,Middle Prong Little Pigeon River (Tremont),trout-wild,rainbow + brown lower; NATIVE BROOK RESTORED in Lynn Camp Prong (8+ mi; largest restoration in SE US),true,yes,wild population — open year-round,no stocking (wild; GSMNP halted 1975),high,,"NPS Lynn Camp Prong page (fetched): 11 populations restored park-wide, 27.6 mi + NPS GSMNP fishing page"
roaring-fork,Roaring Fork,trout-wild,rainbow + native brook upper reach; Gatlinburg city-permit reach (C&R Dec 1-Mar 31),true,yes,wild population — open year-round,no stocking (wild; GSMNP halted 1975),high,,NPS GSMNP fishing page (fetched) + Gatlinburg city waters block in TWRA trout regs (tn.gov/twra/fishing-regs/trout-regulations.html)
west-prong-little-pigeon,West Prong Little Pigeon River,trout-wild,rainbow + native brook headwaters; brown toward park boundary; Gatlinburg city-permit reach stocked biweekly (C&R Dec 1-Mar 31),true,yes,wild population — open year-round,no stocking (wild; GSMNP halted 1975),high,,NPS GSMNP fishing page (fetched) + TWRA recent-stocking report 7/16 + 7/23/2026 (verbatim) + Gatlinburg regs
brush-creek-cocke,Brush Creek (Cocke County),trout-stocked,rainbow (spring; Big Creek corridor),false,no,seasonal put-and-take — no summer holdover,spring circuit (Mar–May stocking weeks),medium,VERIFY: re-check current schedule row,Catalog note (TWRA spring program) + 2026-09-08 snapshot; current schedule row not re-verified
douglas-lake,Douglas Lake,warmwater,"crappie ('best in East TN'), largemouth, bluegill, catfish; sauger/walleye runs up tributaries; NO trout",true,unknown,seasonal put-and-take — no summer holdover,,high,,TWRA Douglas Reservoir where-to-fish (zero trout content) + absence from trout-reservoir list
french-broad-river,French Broad River (Douglas tailwater),warmwater,white bass/sauger/walleye spawn runs + bass/catfish; NO TWRA trout program (fringe-trout claim DOWNGRADED),true,unknown,seasonal put-and-take — no summer holdover,,high,CORRECTION: Session-1 fringe-trout ruling downgraded,TWRA Douglas page (no trout text) + eregulations TN (no FB trout reg) - the Oct-Feb C&R line belongs to tributary Paint Creek
gulf-fork-big-creek,Gulf Fork Big Creek,trout-wild,NATIVE brook trout (unique French Broad watershed strain),true,yes,wild population — open year-round,wild population (designation in citation),high,"COUNTY FLAG: EBTJV places Big Creek tribs in Cocke Co, atlas metadata says Greene - geometry/label check (not this lane)",EBTJV project page (fetched) + TU Trail Fork coverage
holston-river,Holston River,warmwater,sauger/saugeye/walleye winter run at 'forks of the river'; main stem below the forks; no trout program,true,unknown,seasonal put-and-take — no summer holdover,,high,reach note: below Cherokee Dam = cherokee-tailwater (trout Nov-Apr),TWRA Fort Loudoun + Cherokee pages + absence from trout programs
mossy-creek-jefferson,Mossy Creek (Jefferson County),trout-stocked,rainbow (winter program; NEW site 2025-26),false,no,seasonal put-and-take — no summer holdover,winter program (Dec–Mar stockings) (NEW 2025-26),high,,TWRA news 11/26/2025 'New locations this year include... Mossy Creek in Jefferson County' (fetched) + TWRA 2026 stocking schedule (tn.gov/twra/fishing/trout-information-stockings.html)
nolichucky-river,Nolichucky River,trout-stocked,"rainbow + brook (EPISODIC Erwin NFH retired-brood fish, 2.5-3.5 lb) over warmwater smallmouth mainstem",false,no,seasonal put-and-take — no summer holdover,episodic (Erwin NFH retired brood fish; no schedule),medium,episodic: no put-and-take schedule,"USFWS (fws.gov/story/2025-12/catching-big-one, fetched): Erwin NFH stocks 'Watauga and Nolichucky river systems'; no TWRA schedule row"
pigeon-river,Pigeon River (Hartford corridor),unknown-need-evidence,"opportunistic trout (cool months, below Waterville Dam) + smallmouth; NO TN stocking row; NC Hatchery-Supported stocking ends at Canton (~15-20 river mi upstream)",absent,unknown,seasonal put-and-take — no summer holdover,,medium,re-review of 2026-09-04 seasonal-trout ruling,"NC regs via eregulations (HS section Stamey Cove Br to US 19-23 bridge, Canton) + absence from TWRA 2026 stocking schedule (tn.gov/twra/fishing/trout-information-stockings.html)"
trail-fork-big-creek,Trail Fork (Big Creek tributary),trout-wild,NATIVE brook trout REINTRODUCED 2021 (translocation above natural falls; culvert-to-bridge project),true,yes,wild population — open year-round,wild population (designation in citation),high,"COUNTY FLAG: Cocke Co per EBTJV, atlas metadata says Greene",TU Magazine conservation story (fetched) + EBTJV 2021 project page
beaverdam-creek,Beaverdam Creek,trout-wild,wild rainbow + wild brown AND TWRA-stocked rainbow (seasonal); NO brook evidence,true,yes,wild population — open year-round,wild population (designation in citation),high,,TWRA trout regs (tn.gov/twra/fishing-regs/trout-regulations.html) designated wild reach (Birch Branch confluence to Tank Hollow Rd) + USFS stocked-streams list + schedule row 3/22/2026
doe-creek-johnson,Doe Creek (Johnson County),trout-stocked,rainbow (seasonal; Johnson Co),false,no,seasonal put-and-take — no summer holdover,late winter–spring,medium,disambiguate from Doe River (Carter Co DH),TWRA 2026 stocking schedule (tn.gov/twra/fishing/trout-information-stockings.html) (schedule row; species field scrambled this pass - rainbow presumed)
doe-river,Doe River,trout-stocked,rainbow (DH Oct 1-Feb 28 within Roan Mountain SP; artificials-only C&R),true,yes,delayed harvest — fall stocking + C&R window bridges winter,per TWRA schedule (see citation),high,,"TWRA trout regs (tn.gov/twra/fishing-regs/trout-regulations.html) DH entry (Doe River, Carter Co, Roan Mountain SP boundaries)"
forge-creek-johnson,Forge Creek (Johnson County),trout-stocked,rainbow (seasonal),false,no,seasonal put-and-take — no summer holdover,late winter–spring,medium,,TWRA 2026 stocking schedule (tn.gov/twra/fishing/trout-information-stockings.html) (schedule row; species presumed rainbow)
horse-creek-greene,Horse Creek (Greene County),trout-stocked,"stocked rainbow + wild fish from Cherokee NF headwaters; special reg 7/day, reduced to 2/day May 1-Sep 30",false,no,seasonal put-and-take — no summer holdover,per TWRA schedule (see citation),high,,TWRA trout regs (tn.gov/twra/fishing-regs/trout-regulations.html) Horse Creek entry + TWRA 2026 stocking schedule (tn.gov/twra/fishing/trout-information-stockings.html)
laurel-creek-johnson,Laurel Creek (Johnson County),trout-stocked,rainbow (seasonal; Mountain City area),false,no,seasonal put-and-take — no summer holdover,late winter–spring,medium,,TWRA 2026 stocking schedule (tn.gov/twra/fishing/trout-information-stockings.html) (schedule row; species presumed rainbow)
laurel-fork-carter,Laurel Fork (Carter County),trout-wild,native brook trout headwaters + wild brown + wild rainbow gorge; designated wild reach (cable crossing above Dennis Cove to USFS boundary),true,yes,wild population — open year-round,wild population (designation in citation),high,,TWRA trout regs (tn.gov/twra/fishing-regs/trout-regulations.html) wild-trout list + USFS/TU brook restoration context
stoney-creek-carter,Stoney Creek (Carter County),trout-stocked,rainbow (seasonal; Elizabethton community fishery),false,no,seasonal put-and-take — no summer holdover,late winter–spring,medium,,TWRA 2026 stocking schedule (tn.gov/twra/fishing/trout-information-stockings.html) ('Stony Creek' row; species presumed rainbow)
upper-roan-creek,Upper Roan Creek,trout-stocked,rainbow (seasonal; 'Roan Creek (Upper)' row),false,no,seasonal put-and-take — no summer holdover,late winter–spring,medium,,TWRA 2026 stocking schedule (tn.gov/twra/fishing/trout-information-stockings.html) (schedule row; species presumed rainbow)
watauga-lake,Watauga Lake,trout-stocked,rainbow + LAKE TROUT (+ brown per TWRA page text) in the reservoir; smallmouth/walleye/crappie too,true,yes,"holdover reservoir — periodic stocking, year-round fishery",periodic/winter-timed reservoir stocking; TWRA: stocked 'to provide year-round trout fishing opportunities',high,FLIP: catalog species unset - deep cold reservoir with real trout fishery,"TWRA reservoir list 'Watauga - Lake and Rainbow' + Watauga where-to-fish 'TWRA has stocked rainbow, brown, and lake trout'"
watauga-river,Watauga River (Wilbur tailwater),tailwater-trout,"rainbow (stocked Mar-Dec, Wilbur Dam row) + wild-reproducing brown (NOT stocked); QTA 14-in/2-day/no-bait below Wilbur",true,yes,tailwater: year-round cold releases + in-season stocking,stocking Mar–Dec + wild browns; year-round cold releases,high,,"TWRA tailwater stocking table (tn.gov/twra/fishing/trout-information-stockings.html) 'Wilbur Dam, Watauga River - Rainbow - March through December' + TWRA Trout Mgmt Plan 2017-2027 (tn.gov/content/dam/tn/twra/documents/fishing/Tennessee-Trout-Management-Plan-2017-2027.pdf) wild-brown management + TWRA trout regs (tn.gov/twra/fishing-regs/trout-regulations.html) QTA"
watauga-river-wilbur-reach,Watauga River (Watauga Dam to Wilbur Lake),tailwater-trout,"rainbow (stocked Mar-Jul; Watauga Dam row); statewide regs, no special reg",true,yes,tailwater: year-round cold releases + in-season stocking,stocking Mar–Jul; year-round cold releases,high,,"TWRA tailwater stocking table (tn.gov/twra/fishing/trout-information-stockings.html) 'Watauga Dam, Wilbur Reservoir - Rainbow - March through July - Statewide Regulations'"
wilbur-lake,Wilbur Lake,trout-stocked,"rainbow (put-grow-take, stocked Mar-Jul; small TVA/TWRA impoundment between Watauga dams)",true,yes,"holdover reservoir — periodic stocking, year-round fishery",periodic/winter-timed reservoir stocking; TWRA: stocked 'to provide year-round trout fishing opportunities',high,,"TWRA tailwater stocking table (tn.gov/twra/fishing/trout-information-stockings.html) 'Watauga Dam, Wilbur Reservoir' row + USFWS image caption (fetched): 'Trout are stocked in Wilbur Lake'"
chickamauga-lake,Chickamauga Lake,warmwater,"elite largemouth (FLMB program), smallmouth/spotted, nationally ranked crappie, stripers, walleye, blue catfish",true,unknown,seasonal put-and-take — no summer holdover,,high,,TWRA Chickamauga where-to-fish + absence from trout-reservoir list
citico-creek,Citico Creek,trout-stocked,"rainbow (stocked Mar 15-Sep 15 above Little Citico) + wild rainbow/brown + scarce native brook in North Fork headwaters; Tellico-Citico permit Mar 1-Aug 15, closed Thu/Fri",false,no,seasonal put-and-take — no summer holdover,Mar 15–Sep 15 above Little Citico (+ scarce wild N Fork brookies),high,yearRound false per Session-1 seasonal-circuit rule; wild N Fork component noted,USFS Citico page + TWRA trout regs (tn.gov/twra/fishing-regs/trout-regulations.html) Tellico-Citico permit + appalachiantu.org N Fork notes
goforth-creek,Goforth Creek,trout-stocked,"rainbow + brown + brook (local guide; Ocoee gorge, FS Rd 45); NOT on current DH list",false,no,seasonal put-and-take — no summer holdover,in season (local guide),medium,species mix medium; former DH status unverified,Local guide sources (search-only) + DH-list absence verified in TWRA trout regs (tn.gov/twra/fishing-regs/trout-regulations.html)
greasy-creek-polk,Greasy Creek (Polk County),trout-stocked,rainbow (fall + seasonal),false,no,seasonal put-and-take — no summer holdover,spring + fall,medium,,TWRA fall stocking program (search-only) + absence from DH/wild lists
hiwassee-river,Hiwassee River (Appalachia tailwater / Reliance),tailwater-trout,brook + brown + cutthroat + rainbow (stocked Oct-Jul) + C&R DH Oct 1-Feb 28 (Appalachia powerhouse to L&N bridge); 7/day max 2 browns Mar 1-Sep 30,true,yes,tailwater: year-round cold releases + in-season stocking,stocking Oct–Jul + DH C&R Oct 1–Feb 28 → all 12 months covered,high,,"TWRA tailwater stocking table (tn.gov/twra/fishing/trout-information-stockings.html) 'Appalachia Dam, Hiwassee River - Brook, Brown, Cutthroat, Rainbow - October through July' + TWRA trout regs (tn.gov/twra/fishing-regs/trout-regulations.html) DH/creel"
little-sequatchie-river,Little Sequatchie River,trout-stocked,rainbow (spring; Marion Co),false,no,seasonal put-and-take — no summer holdover,spring circuit (Mar–May stocking weeks),high,,TWRA 2026 stocking schedule (tn.gov/twra/fishing/trout-information-stockings.html) (Little Sequatchie rows 3/15 + 3/22 + 5/10/2026)
nickajack-lake,Nickajack Lake,warmwater,"largemouth (FLMB since 2015; state-record LMB Feb 2026), trophy smallmouth below Chickamauga Dam, catfish, crappie; no trout",true,unknown,seasonal put-and-take — no summer holdover,,high,,TWRA Nickajack where-to-fish + absence from trout-reservoir list
north-chickamauga-creek,North Chickamauga Creek,trout-stocked,rainbow (seasonal: winter-program + Region-3 fall stockings with Conservancy/state park partners); NO special trout regulation,false,no,seasonal put-and-take — no summer holdover,winter + fall (seasonal),high,CORRECTION: no special reg does NOT mean unstocked - it IS stocked seasonally,northchick.org trout-stocking project + winter-stocking news + '+ TWRA video' ; no special reg confirmed 2026-09-08
ocoee-number-three-lake,Ocoee Number Three Lake,unknown-need-evidence,none documented (small Ocoee No. 3 impoundment; not on any TWRA trout list; warmwater-leaning),absent,unknown,seasonal put-and-take — no summer holdover,,low,historical-name confusion risk,Absence from TWRA 2026 stocking schedule (tn.gov/twra/fishing/trout-information-stockings.html) and trout-reservoir list; catalog note: TWRA historical label 'Hiwasee Lake (443 ac)'
ocoee-river,"Ocoee River (upper, Copperhill reach)",trout-stocked,rainbow + brown (outfitter + city claims; GA Toccoa stockings drift in) - NO TWRA line-item captured,false,no,seasonal put-and-take — no summer holdover,regular schedule per outfitter/city (TWRA line-item not captured),medium,VERIFY: TWRA stocking line-item missing,"questexpeditions.com + copperhill.gov (search-only, 2 independent non-official sources)"
parksville-lake,Parksville Lake,trout-stocked,rainbow (TWRA reservoir program; 'Parksville - Rainbow'),true,yes,"holdover reservoir — periodic stocking, year-round fishery",periodic/winter-timed reservoir stocking; TWRA: stocked 'to provide year-round trout fishing opportunities',high,,TWRA reservoir list 'Parksville - Rainbow' + TWRA Trout Mgmt Plan 2017-2027 (tn.gov/content/dam/tn/twra/documents/fishing/Tennessee-Trout-Management-Plan-2017-2027.pdf) nine-trout-reservoir list
parksville-tailwater,Parksville Lake Tailwater (Ocoee No. 1 reach),tailwater-trout,rainbow (Mar-May only),false,no,tailwater: SEASONAL (window at left),Mar–May stocking only,high,,"TWRA tailwater stocking table (tn.gov/twra/fishing/trout-information-stockings.html) 'Ocoee Dam #1 - Parksville, Ocoee River - Rainbow - March through May - Statewide Regulations'"
spring-creek-polk,Spring Creek (Polk County),trout-stocked,rainbow (fall + seasonal),false,no,seasonal put-and-take — no summer holdover,spring + fall,medium,,TWRA fall stocking program (search-only) + absence from DH/wild lists
tellico-river,Tellico River,trout-stocked,"rainbow + brown dominate stocked reach (12+ mi) + wild brook far upstream; DH Oct 1-Feb 28 (N River mouth to state line); Tellico-Citico permit Mar 1-Aug 15 (Turkey Cr confluence up), closed Thu/Fri",true,yes,in-season stocking + DH + wild headwaters → trout all year,12+ mi stocked in season; DH C&R Oct 1–Feb 28 (N River mouth → state line); permit Mar 1–Aug 15,high,,TWRA trout regs (tn.gov/twra/fishing-regs/trout-regulations.html) (DH + permit) + USFS Tellico page (fetched)
tumbling-creek,Tumbling Creek,trout-stocked,rainbow (fall listing),false,no,seasonal put-and-take — no summer holdover,spring + fall,low,"name-confusion risk: tiny stream, verify identity",Aggregator fall-stocking mention only
forked-deer-river,forked-deer-river,warmwater,lowland catfish/bass/panfish river; NO trout evidence (absent from 2026 schedule),true,unknown,seasonal put-and-take — no summer holdover,,high,PENDING-ADD,Absence from fetched 2026 TWRA 2026 stocking schedule (tn.gov/twra/fishing/trout-information-stockings.html)
big-sandy-river,big-sandy-river,warmwater,Kentucky Lake tributary; warmwater; NO trout evidence; Big Sandy Unit TN NWR adjacent,true,unknown,seasonal put-and-take — no summer holdover,,high,PENDING-ADD,Absence from fetched 2026 TWRA 2026 stocking schedule (tn.gov/twra/fishing/trout-information-stockings.html); USFWS TN NWR fishing page (fetched)
loosahatchie-river,loosahatchie-river,warmwater,channel catfish/largemouth; NO trout evidence (absent from 2026 schedule),true,unknown,seasonal put-and-take — no summer holdover,,high,PENDING-ADD,Absence from fetched 2026 TWRA 2026 stocking schedule (tn.gov/twra/fishing/trout-information-stockings.html); TWRA reg-exceptions list membership
beech-river,beech-river,warmwater,warmwater stream; 7 watershed flood-control lakes (bass/bream); NO trout evidence,true,unknown,seasonal put-and-take — no summer holdover,,high,PENDING-ADD; distinct from beech-lake (Henderson Co),Absence from fetched 2026 TWRA 2026 stocking schedule (tn.gov/twra/fishing/trout-information-stockings.html); watershed-lake coverage (search-only)
south-chickamauga-creek,south-chickamauga-creek,warmwater,bass-led warmwater in TN reach; winter trout only at adjacent Camp Jordan pond; GA reach is GADNR trout water,true,unknown,seasonal put-and-take — no summer holdover,,medium,PENDING-ADD; VERIFY: creek vs Camp Jordan pond,Winter-stocking news (Camp Jordan + Lake Junior) + absence of a creek line-item
conasauga-river,conasauga-river,warmwater,TN reach = biodiversity hotspot (60+ species); trout-wild ONLY in GA Cohutta headwaters,true,unknown,seasonal put-and-take — no summer holdover,,medium,PENDING-ADD; no TN trout claim,USFS Conasauga Blue Hole page + GA wild-trout program context
cherokee-tailwater,cherokee-tailwater,tailwater-trout,"brown + rainbow (stocked Nov-Apr, continuous window; summer thermal bottleneck)",false,no,tailwater: SEASONAL (window at left),Nov 1–Apr 30 stocking; summer thermal bottleneck,high,PENDING-ADD; earlier Jan-Apr+Nov-Dec framing understated - it is continuous Nov-Apr,"TWRA tailwater stocking table (tn.gov/twra/fishing/trout-information-stockings.html) verbatim 'Cherokee Dam, Holston River - Brown, Rainbow - November through April - Statewide Regulations'"
paint-creek,paint-creek,trout-stocked,rainbow (DH Oct 1-Feb 28 campground to French Broad mouth; artificials-only) + wild rainbow/brown + designated wild reach above campground + USFS summer stocking,true,yes,delayed harvest — fall stocking + C&R window bridges winter,per TWRA schedule (see citation),high,PENDING-ADD,TWRA trout regs (tn.gov/twra/fishing-regs/trout-regulations.html) DH + wild-list entries + USFS Cherokee fishing page
bald-river,bald-river,trout-wild,"wild rainbow + brown + native brook (designated wild trout stream, Monroe Co; Bald River Falls corridor)",true,yes,wild population — open year-round,wild population (designation in citation),high,PENDING-ADD,"TWRA trout regs (tn.gov/twra/fishing-regs/trout-regulations.html) wild list + USFS 'Bald River, North River... wild trout streams holding brown, rainbow, and brook trout'"
north-river,north-river,trout-wild,"wild rainbow + brown + native brook (designated wild trout stream, Monroe Co)",true,yes,wild population — open year-round,wild population (designation in citation),high,PENDING-ADD,TWRA trout regs (tn.gov/twra/fishing-regs/trout-regulations.html) wild list + USFS Tellico page
rocky-fork,rocky-fork,trout-wild,native brook headwaters + wild rainbow + stocked rainbow below park gate; designated wild above Rocky Fork Rd/State Park Entrance Rd junction,true,yes,wild population — open year-round,wild population (designation in citation),high,PENDING-ADD,"TWRA trout regs (tn.gov/twra/fishing-regs/trout-regulations.html) wild list + tnstateparks Rocky Fork ('native brook and wild rainbow trout', search-only)"
big-soddy-creek,big-soddy-creek,trout-stocked,rainbow (DH C&R Nov 1-Feb 28 upstream of Back Valley Rd; artificials-only; harvest opens Mar 1),true,yes,delayed harvest — fall stocking + C&R window bridges winter,per TWRA schedule (see citation),high,PENDING-ADD,TWRA trout regs (tn.gov/twra/fishing-regs/trout-regulations.html) DH entry (2026-27 start moved to Nov 1)
cordell-hull-lake,cordell-hull-lake,warmwater,bass/crappie/catfish + stocked striped bass; NO trout program,true,unknown,seasonal put-and-take — no summer holdover,,high,PENDING-ADD,Absence from trout programs + TWRA warmwater-stocking listings
cheatham-lake,cheatham-lake,warmwater,Cumberland main-stem run-of-river bass/catfish/sauger; NO trout program,true,unknown,seasonal put-and-take — no summer holdover,,high,"PENDING-ADD; note: Cheatham Co winter site L.L. Burns Park is on the HARPETH, not the lake",Absence from fetched 2026 schedule + trout-reservoir list + tailwater table
green-cove-pond,green-cove-pond,trout-stocked,"rainbow (TWRA pond, Cherokee NF; 7/day, one rod, no Tellico-Citico permit; reopened Mar 1 2026 after renovation)",true,yes,extended-season TWRA pond (in-season stocking),"in-season TWRA pond stocking (reopened Mar 1 2026; e.g., Jul 2026 row)",medium,PENDING-ADD,TWRA 2026 stocking schedule (tn.gov/twra/fishing/trout-information-stockings.html) (Green Cove Pond rows e.g. week of 7/22/2026) + USFS Green Cove Pond rules page (fetched)
herb-parsons-lake,herb-parsons-lake,warmwater,"TWRA Family Fishing Lake / Bill Dance lake, 177 ac, Fayette Co: bass/bluegill/crappie/redear/catfish/yellow bass; NO winter trout, none ever per schedule absence",true,unknown,seasonal put-and-take — no summer holdover,,high,PENDING-ADD; do NOT class as trout-stocked,TWRA family-fishing page (fetched) + absence from fetched 2026 TWRA 2026 stocking schedule (tn.gov/twra/fishing/trout-information-stockings.html)
garrett-lake,garrett-lake,warmwater,"TWRA Family Fishing Lake, 183 ac, Weakley Co: bass/crappie/bluegill/cats/redear; NO winter trout",true,unknown,seasonal put-and-take — no summer holdover,,high,PENDING-ADD; one of 2 TWRA lakes with no lake permit,TWRA family-fishing page + Region-1 where-to-fish (both fetched) + absence from TWRA 2026 stocking schedule (tn.gov/twra/fishing/trout-information-stockings.html)
