filename,taxon_group,source_page_url,direct_image_url,license,author,author_url,date_accessed,notes
01-mayfly/mayfly-3.jpg,mayfly,https://commons.wikimedia.org/wiki/File:Hexagenia_limbata_nymph.jpg,https://thumb.wikimedia.org/wikipedia/commons/thumb/4/4a/Hexagenia_limbata_nymph.jpg/1920px-Hexagenia_limbata_nymph.jpg,CC-BY-SA-4.0,Fredlyfish4,,2026-09-08,"Hexagenia burrowing NYMPH - 3 tails, gills visible"
02-caddisfly/caddisfly-2.jpg,caddisfly,"https://commons.wikimedia.org/wiki/File:Northern_case-maker_caddisfly_larva,_genus_Pycnopsyche_(7004501660).jpg",https://thumb.wikimedia.org/wikipedia/commons/thumb/6/64/Northern_case-maker_caddisfly_larva%2C_genus_Pycnopsyche_%287004501660%29.jpg/1920px-Northern_case-maker_caddisfly_larva%2C_genus_Pycnopsyche_%287004501660%29.jpg,CC-BY-SA-2.0,"Bob Henricks from Charlottesville, United States",https://www.flickr.com/people/56361992@N07,2026-09-08,"Larva IN CASE (Pycnopsyche, eastern US genus)"
03-stonefly/stonefly-1.jpg,stonefly,https://commons.wikimedia.org/wiki/File:Golden_Stonefly_Nymph.jpg,https://thumb.wikimedia.org/wikipedia/commons/thumb/7/71/Golden_Stonefly_Nymph.jpg/1920px-Golden_Stonefly_Nymph.jpg,CC-BY-SA-4.0,Mike Cline,,2026-09-08,GOLDEN stonefly NYMPH (Claassenia sabulosa)
04-midge/midge-2.jpg,midge,https://commons.wikimedia.org/wiki/File:Bloodworm.jpg,https://upload.wikimedia.org/wikipedia/commons/b/bc/Bloodworm.jpg,CC-BY-SA-3.0,"lamiot, from english wikipedia with : ""Photo by me, Jasper Nance. 4X lomo objective, 10X ocular. Tak",https://www.flickr.com/photos/nebarnix/,2026-09-08,Bloodworm LARVA (red Chironomidae larva)
05-scud/scud-1.jpg,scud,https://commons.wikimedia.org/wiki/File:Gammarus_pulex_14875940_(cropped).jpg,https://upload.wikimedia.org/wikipedia/commons/3/3a/Gammarus_pulex_14875940_%28cropped%29.jpg,CC-BY-4.0,Nicola Simoncini,https://www.inaturalist.org/users/830788,2026-09-08,"Gammarus pulex close-up, side view"
06-sowbug/sowbug-1.jpg,sowbug,https://commons.wikimedia.org/wiki/File:Asellus_aquaticus_Wasserassel.jpg,https://thumb.wikimedia.org/wikipedia/commons/thumb/a/a2/Asellus_aquaticus_Wasserassel.jpg/1920px-Asellus_aquaticus_Wasserassel.jpg,CC-BY-SA-4.0,Peter Pfeiffer,,2026-09-08,Asellus aquaticus aquatic sowbug
07-cranefly-larva/cranefly-1.jpg,cranefly-larva,https://commons.wikimedia.org/wiki/File:Tipulidae_sp._(26445342650).jpg,https://thumb.wikimedia.org/wikipedia/commons/thumb/c/c5/Tipulidae_sp._%2826445342650%29.jpg/1920px-Tipulidae_sp._%2826445342650%29.jpg,CC-BY-2.0,"Donald Hobern from Copenhagen, Denmark",https://www.flickr.com/people/25401497@N02,2026-09-08,Crane fly LARVA (leatherjacket)
08-blackfly-larva/blackfly-1.jpg,blackfly-larva,https://commons.wikimedia.org/wiki/File:Blackfly_larva_-_Simuliidae_-_Kriebelm%C3%BCckenlarve_01.jpg,https://thumb.wikimedia.org/wikipedia/commons/thumb/2/21/Blackfly_larva_-_Simuliidae_-_Kriebelm%C3%BCckenlarve_01.jpg/1920px-Blackfly_larva_-_Simuliidae_-_Kriebelm%C3%BCckenlarve_01.jpg,CC-BY-SA-4.0,NorbertNagel,,2026-09-08,"Black fly LARVA, focus-stacked macro"
09-odonata/odonata-3.jpg,odonata,"https://commons.wikimedia.org/wiki/File:Broad-winged_Damselfly_(Calopterygidae)_Nymph_-_Mississauga,_Ontario.jpg",https://thumb.wikimedia.org/wikipedia/commons/thumb/5/54/Broad-winged_Damselfly_%28Calopterygidae%29_Nymph_-_Mississauga%2C_Ontario.jpg/1920px-Broad-winged_Damselfly_%28Calopterygidae%29_Nymph_-_Mississauga%2C_Ontario.jpg,CC-BY-SA-4.0,Ryan Hodnett,,2026-09-08,Damselfly NYMPH (stream-dwelling Calopterygidae)
10-aquatic-beetle/beetle-1.jpg,aquatic-beetle,https://commons.wikimedia.org/wiki/File:Dytiscus_fasciventris.jpg,https://upload.wikimedia.org/wikipedia/commons/b/b9/Dytiscus_fasciventris.jpg,CC0-1.0,Ceeec,,2026-09-08,Diving beetle ADULT (North American Dytiscus)
12-leech/leech-1.jpg,leech,https://commons.wikimedia.org/wiki/File:Acht%C3%A4ugiger_Roll_Egel.jpg,https://thumb.wikimedia.org/wikipedia/commons/thumb/a/af/Acht%C3%A4ugiger_Roll_Egel.jpg/1920px-Acht%C3%A4ugiger_Roll_Egel.jpg,CC-BY-SA-3.0,Ulrich Kutschera,,2026-09-08,Leech (Erpobdella octoculata) - common stream leech
13-terrestrial/terrestrial-1.jpg,terrestrial,https://commons.wikimedia.org/wiki/File:Formica_pratensis.jpg,https://thumb.wikimedia.org/wikipedia/commons/thumb/f/f7/Formica_pratensis.jpg/1920px-Formica_pratensis.jpg,CC-BY-SA-4.0,Pawel Bieniewski,,2026-09-08,Ant (Formica pratensis)
13-terrestrial/terrestrial-2.jpg,terrestrial,https://commons.wikimedia.org/wiki/File:Red-legged_grasshopper_(72625).jpg,https://thumb.wikimedia.org/wikipedia/commons/thumb/a/a4/Red-legged_grasshopper_%2872625%29.jpg/1920px-Red-legged_grasshopper_%2872625%29.jpg,CC-BY-SA-4.0,Rhododendrites,,2026-09-08,"Grasshopper - photographed in Walland, TN"
14-hellgrammite/hellgrammite-1.jpg,hellgrammite,https://commons.wikimedia.org/wiki/File:Hellgrammite_in_TN_stream.JPG,https://thumb.wikimedia.org/wikipedia/commons/thumb/8/8c/Hellgrammite_in_TN_stream.JPG/1920px-Hellgrammite_in_TN_stream.JPG,CC-BY-SA-4.0,DellaRay923,,2026-09-08,Hellgrammite (Corydalus larva) IN TENNESSEE STREAM
shipped-file,approved-candidate,approval
public/img/taxa/ephemeroptera.jpg,01-mayfly/mayfly-3.jpg,visually approved by session owner review 2026-09-08 (3-tail nymph, plate gills)
public/img/taxa/trichoptera.jpg,02-caddisfly/caddisfly-2.jpg,visually approved 2026-09-08 (case-maker larva)
public/img/taxa/plecoptera.jpg,03-stonefly/stonefly-1.jpg,visually approved 2026-09-08 (golden nymph)
public/img/taxa/chironomidae.jpg,04-midge/midge-2.jpg,visually approved 2026-09-08 (bloodworm macro)
public/img/taxa/amphipoda.jpg,05-scud/scud-1.jpg,visually approved 2026-09-08 (Gammarus on black)
public/img/taxa/isopoda.jpg,06-sowbug/sowbug-1.jpg,visually approved 2026-09-08 (Asellus)
public/img/taxa/tipulidae.jpg,07-cranefly-larva/cranefly-1.jpg,visually approved 2026-09-08 (leatherjacket)
public/img/taxa/simuliidae.jpg,08-blackfly-larva/blackfly-1.jpg,visually approved 2026-09-08 (focus-stacked larva)
public/img/taxa/odonata.jpg,09-odonata/odonata-3.jpg,visually approved 2026-09-08 (damselfly nymph w/ lamellae)
public/img/taxa/coleoptera.jpg,10-aquatic-beetle/beetle-1.jpg,visually approved 2026-09-08 (Dytiscus, CC0)
public/img/taxa/annelida.jpg,12-leech/leech-1.jpg,visually approved 2026-09-08 (Erpobdella)
public/img/taxa/hymenoptera.jpg,13-terrestrial/terrestrial-1.jpg,visually approved 2026-09-08 (Formica ant)
public/img/taxa/orthoptera.jpg,13-terrestrial/terrestrial-2.jpg,visually approved 2026-09-08 (grasshopper, Walland TN)
public/img/taxa/megaloptera.jpg,14-hellgrammite/hellgrammite-1.jpg,visually approved 2026-09-08 (hellgrammite in TN stream)
